#Calendario_eventos
	INSERT INTO Calendario_Eventos (Fecha,Evento,Descripcion) VALUES ('2013-04-27','Charla 10','Charla sobre el servicio 23');
	INSERT INTO Calendario_Eventos (Fecha,Evento,Descripcion) VALUES ('2013-05-25','Charla 14','Charla presentando el servicio 34 al cliente');
	INSERT INTO Calendario_Eventos (Fecha,Evento,Descripcion) VALUES ('2013-07-24','Evento 04','Incorporacion de nuevo hardware');
	INSERT INTO Calendario_Eventos (Fecha,Evento,Descripcion) VALUES ('2013-08-16','Reunion 19','Reunion equipo de desarrollo');
	INSERT INTO Calendario_Eventos (Fecha,Evento,Descripcion) VALUES ('2013-09-04','Evento 20','Fin del desarrollo del servicio 27');
	INSERT INTO Calendario_Eventos (Fecha,Evento,Descripcion) VALUES ('2013-10-23','Reunion 31','Reunion con el cliente 56');
	INSERT INTO Calendario_Eventos (Fecha,Evento,Descripcion) VALUES ('2013-12-03','Charla 25','Charla de marketing');
	INSERT INTO Calendario_Eventos (Fecha,Evento,Descripcion) VALUES ('2013-12-26','Reunion 35','Reunion equipo de marketing');
	INSERT INTO Calendario_Eventos (Fecha,Evento,Descripcion) VALUES ('2014-02-22','Evento 20','Fumigacion');
	INSERT INTO Calendario_Eventos (Fecha,Evento,Descripcion) VALUES ('2014-04-05','Evento 32','Evento de presentacion');
	INSERT INTO Calendario_Eventos (Fecha,Evento,Descripcion) VALUES ('2014-04-06','Reunion 33','Reunion equipo de marketing');
	INSERT INTO Calendario_Eventos (Fecha,Evento,Descripcion) VALUES ('2014-05-20','Charla 30','Charla del director a la plantilla');
	INSERT INTO Calendario_Eventos (Fecha,Evento,Descripcion) VALUES ('2014-08-30','Evento 53','Backup de BD');
	INSERT INTO Calendario_Eventos (Fecha,Evento,Descripcion) VALUES ('2014-11-11','Evento 64','Nuevo software de diseño');
	INSERT INTO Calendario_Eventos (Fecha,Evento,Descripcion) VALUES ('2014-11-27','Reunion 43','Reunion equipo de desarrollo');
	INSERT INTO Calendario_Eventos (Fecha,Evento,Descripcion) VALUES ('2014-12-25','Evento 70','Navidad');
	INSERT INTO Calendario_Eventos (Fecha,Evento,Descripcion) VALUES ('2014-12-31','Evento 71','Fiesta de fin de año');
	INSERT INTO Calendario_Eventos (Fecha,Evento,Descripcion) VALUES ('2015-02-17','Charla 99',NULL);
	INSERT INTO Calendario_Eventos (Fecha,Evento,Descripcion) VALUES ('2015-04-19','Reunion 99',NULL);
	INSERT INTO Calendario_Eventos (Fecha,Evento,Descripcion) VALUES ('2015-04-30','Evento 99',NULL);

#Usuarios (comprobar pass)
	INSERT INTO Usuario (NIF,Nombre,Apellidos,NvAcceso,Pass,Direccion,Telefono,Email) VALUES ('35848183S','Duncan',NULL,'Minimo','Sophie0','calle falsa 123','678456231','inventado@falso.org');
	INSERT INTO Usuario (NIF,Nombre,Apellidos,NvAcceso,Pass,Direccion,Telefono,Email) VALUES ('37671633W','Amy','Little','Intermedio','Alexander5','calle falsa 123','678456231','inventado@falso.org');
	INSERT INTO Usuario (NIF,Nombre,Apellidos,NvAcceso,Pass,Direccion,Telefono,Email) VALUES ('85389868E','Lizzy',NULL,'Intermedio','Maggie976','calle falsa 123','678456231','inventado@falso.org');
	INSERT INTO Usuario (NIF,Nombre,Apellidos,NvAcceso,Pass,Direccion,Telefono,Email) VALUES ('62744229E','Cathy',NULL,'Intermedio','Ricardo55','calle falsa 123','678456231','inventado@falso.org');
	INSERT INTO Usuario (NIF,Nombre,Apellidos,NvAcceso,Pass,Direccion,Telefono,Email) VALUES ('85651511V','Fabian','Mariojnisk','Alto','Pauline7','calle falsa 123','678456231','inventado@falso.org');
	INSERT INTO Usuario (NIF,Nombre,Apellidos,NvAcceso,Pass,Direccion,Telefono,Email) VALUES ('45949884R','Conor','Duvall','Intermedio','Cees1','calle falsa 123','678456231','inventado@falso.org');
	INSERT INTO Usuario (NIF,Nombre,Apellidos,NvAcceso,Pass,Direccion,Telefono,Email) VALUES ('94381920V','Martien','Fox','Alto','Syd','calle falsa 123','678456231','inventado@falso.org');
	INSERT INTO Usuario (NIF,Nombre,Apellidos,NvAcceso,Pass,Direccion,Telefono,Email) VALUES ('19265708B','Cameron',NULL,'Minimo','Ewa4','calle falsa 123','678456231','inventado@falso.org');
	INSERT INTO Usuario (NIF,Nombre,Apellidos,NvAcceso,Pass,Direccion,Telefono,Email) VALUES ('20880871E','Maggie','Chwatal','Alto','Freja','calle falsa 123','678456231','inventado@falso.org');
	INSERT INTO Usuario (NIF,Nombre,Apellidos,NvAcceso,Pass,Direccion,Telefono,Email) VALUES ('90446453B','Joey','Helfrich','Intermedio','Pablo','calle falsa 123','678456231','inventado@falso.org');
	INSERT INTO Usuario (NIF,Nombre,Apellidos,NvAcceso,Pass,Direccion,Telefono,Email) VALUES ('08011026B','Nathan','Young','Minimo','Klara3','calle falsa 123','678456231','inventado@falso.org');
	INSERT INTO Usuario (NIF,Nombre,Apellidos,NvAcceso,Pass,Direccion,Telefono,Email) VALUES ('89314326J','Ron',NULL,'Minimo','Richard34','calle falsa 123','678456231','inventado@falso.org');
	INSERT INTO Usuario (NIF,Nombre,Apellidos,NvAcceso,Pass,Direccion,Telefono,Email) VALUES ('85964668Y','Koos','Naff','Minimo','Rick','calle falsa 123','678456231','inventado@falso.org');
	INSERT INTO Usuario (NIF,Nombre,Apellidos,NvAcceso,Pass,Direccion,Telefono,Email) VALUES ('97372160G','Charlotte','van Dijk','Alto','Kaylee0','calle falsa 123','678456231','inventado@falso.org');
	INSERT INTO Usuario (NIF,Nombre,Apellidos,NvAcceso,Pass,Direccion,Telefono,Email) VALUES ('31098062S','Jaap','Scheffold','Intermedio','Sue7','calle falsa 123','678456231','inventado@falso.org');
	INSERT INTO Usuario (NIF,Nombre,Apellidos,NvAcceso,Pass,Direccion,Telefono,Email) VALUES ('10963613L','Jeffery','Stannard','Intermedio','Zoe97','calle falsa 123','678456231','inventado@falso.org');
	INSERT INTO Usuario (NIF,Nombre,Apellidos,NvAcceso,Pass,Direccion,Telefono,Email) VALUES ('36224842A','Lisa','Allison','Minimo','Joost81','calle falsa 123','678456231','inventado@falso.org');
	INSERT INTO Usuario (NIF,Nombre,Apellidos,NvAcceso,Pass,Direccion,Telefono,Email) VALUES ('98497885V','Lena','Toler','Minimo','Kayleigh','calle falsa 123','678456231','inventado@falso.org');
	INSERT INTO Usuario (NIF,Nombre,Apellidos,NvAcceso,Pass,Direccion,Telefono,Email) VALUES ('12787163Z','Dick',NULL,'Alto','Lara','calle falsa 123','678456231','inventado@falso.org');
	INSERT INTO Usuario (NIF,Nombre,Apellidos,NvAcceso,Pass,Direccion,Telefono,Email) VALUES ('20248210E','Hannah','Kuehn','Minimo','Lars10','calle falsa 123','678456231','inventado@falso.org');

#Reunion (añadir mas si se requiere)
	INSERT INTO Reunion (Usuario_NIF,Calendario_Eventos_Fecha,Calendario_Eventos_Evento) VALUES ('35848183S','2014-12-31','Evento 71');
	INSERT INTO Reunion (Usuario_NIF,Calendario_Eventos_Fecha,Calendario_Eventos_Evento) VALUES ('37671633W','2014-12-31','Evento 71');
	INSERT INTO Reunion (Usuario_NIF,Calendario_Eventos_Fecha,Calendario_Eventos_Evento) VALUES ('85964668Y','2014-12-31','Evento 71');
	INSERT INTO Reunion (Usuario_NIF,Calendario_Eventos_Fecha,Calendario_Eventos_Evento) VALUES ('20248210E','2014-12-31','Evento 71');
	INSERT INTO Reunion (Usuario_NIF,Calendario_Eventos_Fecha,Calendario_Eventos_Evento) VALUES ('90446453B','2014-12-31','Evento 71');
	INSERT INTO Reunion (Usuario_NIF,Calendario_Eventos_Fecha,Calendario_Eventos_Evento) VALUES ('90446453B','2013-08-16','Reunion 19');
	INSERT INTO Reunion (Usuario_NIF,Calendario_Eventos_Fecha,Calendario_Eventos_Evento) VALUES ('08011026B','2013-08-16','Reunion 19');
	INSERT INTO Reunion (Usuario_NIF,Calendario_Eventos_Fecha,Calendario_Eventos_Evento) VALUES ('94381920V','2013-08-16','Reunion 19');
	INSERT INTO Reunion (Usuario_NIF,Calendario_Eventos_Fecha,Calendario_Eventos_Evento) VALUES ('10963613L','2013-08-16','Reunion 19');
	INSERT INTO Reunion (Usuario_NIF,Calendario_Eventos_Fecha,Calendario_Eventos_Evento) VALUES ('85651511V','2013-08-16','Reunion 19');
	INSERT INTO Reunion (Usuario_NIF,Calendario_Eventos_Fecha,Calendario_Eventos_Evento) VALUES ('85651511V','2013-12-03','Charla 25');
	INSERT INTO Reunion (Usuario_NIF,Calendario_Eventos_Fecha,Calendario_Eventos_Evento) VALUES ('45949884R','2013-12-03','Charla 25');
	INSERT INTO Reunion (Usuario_NIF,Calendario_Eventos_Fecha,Calendario_Eventos_Evento) VALUES ('12787163Z','2013-12-03','Charla 25');
	INSERT INTO Reunion (Usuario_NIF,Calendario_Eventos_Fecha,Calendario_Eventos_Evento) VALUES ('98497885V','2013-12-03','Charla 25');
	INSERT INTO Reunion (Usuario_NIF,Calendario_Eventos_Fecha,Calendario_Eventos_Evento) VALUES ('36224842A','2013-12-03','Charla 25');
	INSERT INTO Reunion (Usuario_NIF,Calendario_Eventos_Fecha,Calendario_Eventos_Evento) VALUES ('12787163Z','2014-05-20','Charla 30');
	INSERT INTO Reunion (Usuario_NIF,Calendario_Eventos_Fecha,Calendario_Eventos_Evento) VALUES ('97372160G','2014-05-20','Charla 30');
	INSERT INTO Reunion (Usuario_NIF,Calendario_Eventos_Fecha,Calendario_Eventos_Evento) VALUES ('31098062S','2014-05-20','Charla 30');
	INSERT INTO Reunion (Usuario_NIF,Calendario_Eventos_Fecha,Calendario_Eventos_Evento) VALUES ('20880871E','2014-05-20','Charla 30');
	INSERT INTO Reunion (Usuario_NIF,Calendario_Eventos_Fecha,Calendario_Eventos_Evento) VALUES ('19265708B','2014-05-20','Charla 30');

#Gasto
	INSERT INTO Gasto (Identificador,NombreOperacion,Coste) VALUES (1,'Operacion 1',99.33);
	INSERT INTO Gasto (Identificador,NombreOperacion,Coste) VALUES (2,'Operacion 2',115.68);
	INSERT INTO Gasto (Identificador,NombreOperacion,Coste) VALUES (3,'Operacion 3',14.35);
	INSERT INTO Gasto (Identificador,NombreOperacion,Coste) VALUES (4,'Operacion 4',24.93);
	INSERT INTO Gasto (Identificador,NombreOperacion,Coste) VALUES (5,'Operacion 5',4.32);
	INSERT INTO Gasto (Identificador,NombreOperacion,Coste) VALUES (6,'Operacion 6',919.15);
	INSERT INTO Gasto (Identificador,NombreOperacion,Coste) VALUES (7,'Operacion 7',5.46);
	INSERT INTO Gasto (Identificador,NombreOperacion,Coste) VALUES (8,'Operacion 8',7.7);
	INSERT INTO Gasto (Identificador,NombreOperacion,Coste) VALUES (9,'Operacion 9',1.48);
	INSERT INTO Gasto (Identificador,NombreOperacion,Coste) VALUES (10,'Operacion 10',195.01);
	INSERT INTO Gasto (Identificador,NombreOperacion,Coste) VALUES (11,'Operacion 11',5.11);
	INSERT INTO Gasto (Identificador,NombreOperacion,Coste) VALUES (12,'Operacion 12',896.74);
	INSERT INTO Gasto (Identificador,NombreOperacion,Coste) VALUES (13,'Operacion 13',284.06);
	INSERT INTO Gasto (Identificador,NombreOperacion,Coste) VALUES (14,'Operacion 14',7.02);
	INSERT INTO Gasto (Identificador,NombreOperacion,Coste) VALUES (15,'Operacion 15',39.11);
	INSERT INTO Gasto (Identificador,NombreOperacion,Coste) VALUES (16,'Operacion 16',4.96);
	INSERT INTO Gasto (Identificador,NombreOperacion,Coste) VALUES (17,'Operacion 17',10.8);
	INSERT INTO Gasto (Identificador,NombreOperacion,Coste) VALUES (18,'Operacion 18',3.56);
	INSERT INTO Gasto (Identificador,NombreOperacion,Coste) VALUES (19,'Operacion 19',2.78);
	INSERT INTO Gasto (Identificador,NombreOperacion,Coste) VALUES (20,'Operacion 20',70.42);
 
#Ingreso 
	INSERT INTO Ingreso (Identificador,NombreOperacion,Coste) VALUES (1,'Operacion 1',7.99);
	INSERT INTO Ingreso (Identificador,NombreOperacion,Coste) VALUES (2,'Operacion 2',139.99);
	INSERT INTO Ingreso (Identificador,NombreOperacion,Coste) VALUES (3,'Operacion 3',2.55);
	INSERT INTO Ingreso (Identificador,NombreOperacion,Coste) VALUES (4,'Operacion 4',6.79);
	INSERT INTO Ingreso (Identificador,NombreOperacion,Coste) VALUES (5,'Operacion 5',406.96);
	INSERT INTO Ingreso (Identificador,NombreOperacion,Coste) VALUES (6,'Operacion 6',76.22);
	INSERT INTO Ingreso (Identificador,NombreOperacion,Coste) VALUES (7,'Operacion 7',200.47);
	INSERT INTO Ingreso (Identificador,NombreOperacion,Coste) VALUES (8,'Operacion 8',7.21);
	INSERT INTO Ingreso (Identificador,NombreOperacion,Coste) VALUES (9,'Operacion 9',608.64);
	INSERT INTO Ingreso (Identificador,NombreOperacion,Coste) VALUES (10,'Operacion 10',673.51);
	INSERT INTO Ingreso (Identificador,NombreOperacion,Coste) VALUES (11,'Operacion 11',4.37);
	INSERT INTO Ingreso (Identificador,NombreOperacion,Coste) VALUES (12,'Operacion 12',35.1);
	INSERT INTO Ingreso (Identificador,NombreOperacion,Coste) VALUES (13,'Operacion 13',2.14);
	INSERT INTO Ingreso (Identificador,NombreOperacion,Coste) VALUES (14,'Operacion 14',59.96);
	INSERT INTO Ingreso (Identificador,NombreOperacion,Coste) VALUES (15,'Operacion 15',311.73);
	INSERT INTO Ingreso (Identificador,NombreOperacion,Coste) VALUES (16,'Operacion 16',47.09);
	INSERT INTO Ingreso (Identificador,NombreOperacion,Coste) VALUES (17,'Operacion 17',302.68);
	INSERT INTO Ingreso (Identificador,NombreOperacion,Coste) VALUES (18,'Operacion 18',11.92);
	INSERT INTO Ingreso (Identificador,NombreOperacion,Coste) VALUES (19,'Operacion 19',75.19);
	INSERT INTO Ingreso (Identificador,NombreOperacion,Coste) VALUES (20,'Operacion 20',155.74);

#Informe gasto
	INSERT INTO Informes_gasto (Gasto_Identificador,RutaFichero,Descripcion,Fecha,Tipo) VALUES (1,'C:\\Documentos\\Gasto\\Operacion 1.pdf','Gasto del servicio 1','2013-04-27','PDF');
	INSERT INTO Informes_gasto (Gasto_Identificador,RutaFichero,Descripcion,Fecha,Tipo) VALUES (2,'C:\\Documentos\\Gasto\\Operacion 2.pdf','Gasto del servicio 2','2013-04-27','PDF');
	INSERT INTO Informes_gasto (Gasto_Identificador,RutaFichero,Descripcion,Fecha,Tipo) VALUES (3,'C:\\Documentos\\Gasto\\Operacion 3.pdf','Gasto del servicio 3','2013-04-27','PDF');
	INSERT INTO Informes_gasto (Gasto_Identificador,RutaFichero,Descripcion,Fecha,Tipo) VALUES (4,'C:\\Documentos\\Gasto\\Operacion 4.pdf','Gasto del servicio 4','2013-04-27','PDF');
	INSERT INTO Informes_gasto (Gasto_Identificador,RutaFichero,Descripcion,Fecha,Tipo) VALUES (5,'C:\\Documentos\\Gasto\\Operacion 5.pdf','Gasto del servicio 5','2013-04-27','PDF');
	INSERT INTO Informes_gasto (Gasto_Identificador,RutaFichero,Descripcion,Fecha,Tipo) VALUES (6,'C:\\Documentos\\Gasto\\Operacion 6.pdf','Gasto del servicio 6','2013-04-27','PDF');
	INSERT INTO Informes_gasto (Gasto_Identificador,RutaFichero,Descripcion,Fecha,Tipo) VALUES (7,'C:\\Documentos\\Gasto\\Operacion 7.pdf','Gasto del servicio 7','2013-04-27','PDF');
	INSERT INTO Informes_gasto (Gasto_Identificador,RutaFichero,Descripcion,Fecha,Tipo) VALUES (8,'C:\\Documentos\\Gasto\\Operacion 8.pdf','Gasto del servicio 8','2013-04-27','PDF');
	INSERT INTO Informes_gasto (Gasto_Identificador,RutaFichero,Descripcion,Fecha,Tipo) VALUES (9,'C:\\Documentos\\Gasto\\Operacion 9.pdf','Gasto del servicio 9','2013-04-27','PDF');
	INSERT INTO Informes_gasto (Gasto_Identificador,RutaFichero,Descripcion,Fecha,Tipo) VALUES (10,'C:\\Documentos\\Gasto\\Operacion 10.pdf','Gasto del servicio 10','2014-08-30','PDF');
	INSERT INTO Informes_gasto (Gasto_Identificador,RutaFichero,Descripcion,Fecha,Tipo) VALUES (11,'C:\\Documentos\\Gasto\\Operacion 11.pdf','Gasto del servicio 11','2014-08-30','PDF');
	INSERT INTO Informes_gasto (Gasto_Identificador,RutaFichero,Descripcion,Fecha,Tipo) VALUES (12,'C:\\Documentos\\Gasto\\Operacion 12.pdf','Gasto del servicio 12','2014-08-30','PDF');
	INSERT INTO Informes_gasto (Gasto_Identificador,RutaFichero,Descripcion,Fecha,Tipo) VALUES (13,'C:\\Documentos\\Gasto\\Operacion 13.pdf','Gasto del servicio 13','2014-08-30','PDF');
	INSERT INTO Informes_gasto (Gasto_Identificador,RutaFichero,Descripcion,Fecha,Tipo) VALUES (14,'C:\\Documentos\\Gasto\\Operacion 14.pdf','Gasto del servicio 14','2014-08-30','PDF');
	INSERT INTO Informes_gasto (Gasto_Identificador,RutaFichero,Descripcion,Fecha,Tipo) VALUES (15,'C:\\Documentos\\Gasto\\Operacion 15.pdf','Gasto del servicio 15','2014-08-30','PDF');
	INSERT INTO Informes_gasto (Gasto_Identificador,RutaFichero,Descripcion,Fecha,Tipo) VALUES (16,'C:\\Documentos\\Gasto\\Operacion 16.pdf','Gasto del servicio 16','2014-08-30','PDF');
	INSERT INTO Informes_gasto (Gasto_Identificador,RutaFichero,Descripcion,Fecha,Tipo) VALUES (17,'C:\\Documentos\\Gasto\\Operacion 17.pdf','Gasto del servicio 17','2014-08-30','PDF');
	INSERT INTO Informes_gasto (Gasto_Identificador,RutaFichero,Descripcion,Fecha,Tipo) VALUES (18,'C:\\Documentos\\Gasto\\Operacion 18.pdf','Gasto del servicio 18','2014-08-30','PDF');
	INSERT INTO Informes_gasto (Gasto_Identificador,RutaFichero,Descripcion,Fecha,Tipo) VALUES (19,'C:\\Documentos\\Gasto\\Operacion 19.pdf','Gasto del servicio 19','2014-08-30','PDF');

#Informe ingreso
	INSERT INTO Informes_ingreso (Ingreso_Identificador,RutaFichero,Descripcion,Fecha,Tipo) VALUES (1,'C:\\Documentos\\Ingreso\\Operacion 1.pdf','Ingreso del servicio 1','2013-04-27','PDF');
	INSERT INTO Informes_ingreso (Ingreso_Identificador,RutaFichero,Descripcion,Fecha,Tipo) VALUES (2,'C:\\Documentos\\Ingreso\\Operacion 2.pdf','Ingreso del servicio 2','2013-04-27','PDF');
	INSERT INTO Informes_ingreso (Ingreso_Identificador,RutaFichero,Descripcion,Fecha,Tipo) VALUES (3,'C:\\Documentos\\Ingreso\\Operacion 3.pdf','Ingreso del servicio 3','2013-04-27','PDF');
	INSERT INTO Informes_ingreso (Ingreso_Identificador,RutaFichero,Descripcion,Fecha,Tipo) VALUES (4,'C:\\Documentos\\Ingreso\\Operacion 4.pdf','Ingreso del servicio 4','2013-04-27','PDF');
	INSERT INTO Informes_ingreso (Ingreso_Identificador,RutaFichero,Descripcion,Fecha,Tipo) VALUES (5,'C:\\Documentos\\Ingreso\\Operacion 5.pdf','Ingreso del servicio 5','2013-04-27','PDF');
	INSERT INTO Informes_ingreso (Ingreso_Identificador,RutaFichero,Descripcion,Fecha,Tipo) VALUES (6,'C:\\Documentos\\Ingreso\\Operacion 6.pdf','Ingreso del servicio 6','2013-04-27','PDF');
	INSERT INTO Informes_ingreso (Ingreso_Identificador,RutaFichero,Descripcion,Fecha,Tipo) VALUES (7,'C:\\Documentos\\Ingreso\\Operacion 7.pdf','Ingreso del servicio 7','2013-04-27','PDF');
	INSERT INTO Informes_ingreso (Ingreso_Identificador,RutaFichero,Descripcion,Fecha,Tipo) VALUES (8,'C:\\Documentos\\Ingreso\\Operacion 8.pdf','Ingreso del servicio 8','2013-04-27','PDF');
	INSERT INTO Informes_ingreso (Ingreso_Identificador,RutaFichero,Descripcion,Fecha,Tipo) VALUES (9,'C:\\Documentos\\Ingreso\\Operacion 9.pdf','Ingreso del servicio 9','2013-04-27','PDF');
	INSERT INTO Informes_ingreso (Ingreso_Identificador,RutaFichero,Descripcion,Fecha,Tipo) VALUES (10,'C:\\Documentos\\Ingreso\\Operacion 10.pdf','Ingreso del servicio 10','2014-08-30','PDF');
	INSERT INTO Informes_ingreso (Ingreso_Identificador,RutaFichero,Descripcion,Fecha,Tipo) VALUES (11,'C:\\Documentos\\Ingreso\\Operacion 11.pdf','Ingreso del servicio 11','2014-08-30','PDF');
	INSERT INTO Informes_ingreso (Ingreso_Identificador,RutaFichero,Descripcion,Fecha,Tipo) VALUES (12,'C:\\Documentos\\Ingreso\\Operacion 12.pdf','Ingreso del servicio 12','2014-08-30','PDF');
	INSERT INTO Informes_ingreso (Ingreso_Identificador,RutaFichero,Descripcion,Fecha,Tipo) VALUES (13,'C:\\Documentos\\Ingreso\\Operacion 13.pdf','Ingreso del servicio 13','2014-08-30','PDF');
	INSERT INTO Informes_ingreso (Ingreso_Identificador,RutaFichero,Descripcion,Fecha,Tipo) VALUES (14,'C:\\Documentos\\Ingreso\\Operacion 14.pdf','Ingreso del servicio 14','2014-08-30','PDF');
	INSERT INTO Informes_ingreso (Ingreso_Identificador,RutaFichero,Descripcion,Fecha,Tipo) VALUES (15,'C:\\Documentos\\Ingreso\\Operacion 15.pdf','Ingreso del servicio 15','2014-08-30','PDF');
	INSERT INTO Informes_ingreso (Ingreso_Identificador,RutaFichero,Descripcion,Fecha,Tipo) VALUES (16,'C:\\Documentos\\Ingreso\\Operacion 16.pdf','Ingreso del servicio 16','2014-08-30','PDF');
	INSERT INTO Informes_ingreso (Ingreso_Identificador,RutaFichero,Descripcion,Fecha,Tipo) VALUES (17,'C:\\Documentos\\Ingreso\\Operacion 17.pdf','Ingreso del servicio 17','2014-08-30','PDF');
	INSERT INTO Informes_ingreso (Ingreso_Identificador,RutaFichero,Descripcion,Fecha,Tipo) VALUES (18,'C:\\Documentos\\Ingreso\\Operacion 18.pdf','Ingreso del servicio 18','2014-08-30','PDF');
	INSERT INTO Informes_ingreso (Ingreso_Identificador,RutaFichero,Descripcion,Fecha,Tipo) VALUES (19,'C:\\Documentos\\Ingreso\\Operacion 19.pdf','Ingreso del servicio 19','2014-08-30','PDF');

#Proveedores
	INSERT INTO Proveedor (NIF,Nombre,Apellidos,Direccion,Telefono,Email) VALUES ('02476364T','Tim','Geoppo','calle falsa 123','678123456','falso@asdf.qwerty');
	INSERT INTO Proveedor (NIF,Nombre,Apellidos,Direccion,Telefono,Email) VALUES ('41719341D','Maximilian','Buchholz','calle falsa 123','678123456','falso@asdf.qwerty');
	INSERT INTO Proveedor (NIF,Nombre,Apellidos,Direccion,Telefono,Email) VALUES ('11565398D','Thelma','Sharp','calle falsa 123','678123456','falso@asdf.qwerty');
	INSERT INTO Proveedor (NIF,Nombre,Apellidos,Direccion,Telefono,Email) VALUES ('47423415Z','Leontien',NULL,'calle falsa 123','678123456','falso@asdf.qwerty');
	INSERT INTO Proveedor (NIF,Nombre,Apellidos,Direccion,Telefono,Email) VALUES ('12947533M','Karen',NULL,'calle falsa 123','678123456','falso@asdf.qwerty');
	INSERT INTO Proveedor (NIF,Nombre,Apellidos,Direccion,Telefono,Email) VALUES ('36208777S','Catherine','Orcutt','calle falsa 123','678123456','falso@asdf.qwerty');
	INSERT INTO Proveedor (NIF,Nombre,Apellidos,Direccion,Telefono,Email) VALUES ('74627472Q','Georgina',NULL,'calle falsa 123','678123456','falso@asdf.qwerty');
	INSERT INTO Proveedor (NIF,Nombre,Apellidos,Direccion,Telefono,Email) VALUES ('74870235Z','Femke','DelRosso','calle falsa 123','678123456','falso@asdf.qwerty');
	INSERT INTO Proveedor (NIF,Nombre,Apellidos,Direccion,Telefono,Email) VALUES ('34302047P','Frederik','Hardoon','calle falsa 123','678123456','falso@asdf.qwerty');
	INSERT INTO Proveedor (NIF,Nombre,Apellidos,Direccion,Telefono,Email) VALUES ('49704176A','Kaylee','Friedman','calle falsa 123','678123456','falso@asdf.qwerty');
	INSERT INTO Proveedor (NIF,Nombre,Apellidos,Direccion,Telefono,Email) VALUES ('81763970M','Raul','Conley','calle falsa 123','678123456','falso@asdf.qwerty');
	INSERT INTO Proveedor (NIF,Nombre,Apellidos,Direccion,Telefono,Email) VALUES ('89053418V','Ross',NULL,'calle falsa 123','678123456','falso@asdf.qwerty');
	INSERT INTO Proveedor (NIF,Nombre,Apellidos,Direccion,Telefono,Email) VALUES ('77233496W','Mary','Bitmacs','calle falsa 123','678123456','falso@asdf.qwerty');
	INSERT INTO Proveedor (NIF,Nombre,Apellidos,Direccion,Telefono,Email) VALUES ('05698341E','Bas',NULL,'calle falsa 123','678123456','falso@asdf.qwerty');
	INSERT INTO Proveedor (NIF,Nombre,Apellidos,Direccion,Telefono,Email) VALUES ('82334176H','Pip','Weaver','calle falsa 123','678123456','falso@asdf.qwerty');
	INSERT INTO Proveedor (NIF,Nombre,Apellidos,Direccion,Telefono,Email) VALUES ('03751210W','Gerrit','Storrs','calle falsa 123','678123456','falso@asdf.qwerty');
	INSERT INTO Proveedor (NIF,Nombre,Apellidos,Direccion,Telefono,Email) VALUES ('27018442C','Jolanda','Mcgrew','calle falsa 123','678123456','falso@asdf.qwerty');
	INSERT INTO Proveedor (NIF,Nombre,Apellidos,Direccion,Telefono,Email) VALUES ('12138685K','Leo','Goodnight','calle falsa 123','678123456','falso@asdf.qwerty');
	INSERT INTO Proveedor (NIF,Nombre,Apellidos,Direccion,Telefono,Email) VALUES ('72578308Z','Siska','Hummel','calle falsa 123','678123456','falso@asdf.qwerty');
	INSERT INTO Proveedor (NIF,Nombre,Apellidos,Direccion,Telefono,Email) VALUES ('54686122B','Teun','Freeman','calle falsa 123','678123456','falso@asdf.qwerty');

#Cliente 
	INSERT INTO Cliente (NIF,Nombre,Apellidos,Direccion,Telefono,Email) VALUES ('45605932Z','Emilio','Otto','calle falsa 123','678123456','falso@asdf.qwerty');
	INSERT INTO Cliente (NIF,Nombre,Apellidos,Direccion,Telefono,Email) VALUES ('12610196D','Florian','Baltec','calle falsa 123','678123456','falso@asdf.qwerty');
	INSERT INTO Cliente (NIF,Nombre,Apellidos,Direccion,Telefono,Email) VALUES ('45806292K','Liza','Grote','calle falsa 123','678123456','falso@asdf.qwerty');
	INSERT INTO Cliente (NIF,Nombre,Apellidos,Direccion,Telefono,Email) VALUES ('13520389T','Fabian','Davis','calle falsa 123','678123456','falso@asdf.qwerty');
	INSERT INTO Cliente (NIF,Nombre,Apellidos,Direccion,Telefono,Email) VALUES ('82436439T','Marieke','Naff','calle falsa 123','678123456','falso@asdf.qwerty');
	INSERT INTO Cliente (NIF,Nombre,Apellidos,Direccion,Telefono,Email) VALUES ('92689923S','Geoff','Voigt','calle falsa 123','678123456','falso@asdf.qwerty');
	INSERT INTO Cliente (NIF,Nombre,Apellidos,Direccion,Telefono,Email) VALUES ('18651716G','Janet','Waddell','calle falsa 123','678123456','falso@asdf.qwerty');
	INSERT INTO Cliente (NIF,Nombre,Apellidos,Direccion,Telefono,Email) VALUES ('83991951E','Dirk','Ecchevarri','calle falsa 123','678123456','falso@asdf.qwerty');
	INSERT INTO Cliente (NIF,Nombre,Apellidos,Direccion,Telefono,Email) VALUES ('42150068S','Scottie','Turk','calle falsa 123','678123456','falso@asdf.qwerty');
	INSERT INTO Cliente (NIF,Nombre,Apellidos,Direccion,Telefono,Email) VALUES ('77296325H','Jose Vicente',NULL,'calle falsa 123','678123456','falso@asdf.qwerty');
	INSERT INTO Cliente (NIF,Nombre,Apellidos,Direccion,Telefono,Email) VALUES ('41503082L','Madison','Zimmerman','calle falsa 123','678123456','falso@asdf.qwerty');
	INSERT INTO Cliente (NIF,Nombre,Apellidos,Direccion,Telefono,Email) VALUES ('14104365Y','Luca','Bergdahl','calle falsa 123','678123456','falso@asdf.qwerty');
	INSERT INTO Cliente (NIF,Nombre,Apellidos,Direccion,Telefono,Email) VALUES ('77079534W','Philippa','Crocetti','calle falsa 123','678123456','falso@asdf.qwerty');
	INSERT INTO Cliente (NIF,Nombre,Apellidos,Direccion,Telefono,Email) VALUES ('21909395D','Anne','Heyn','calle falsa 123','678123456','falso@asdf.qwerty');
	INSERT INTO Cliente (NIF,Nombre,Apellidos,Direccion,Telefono,Email) VALUES ('17723414M','Taylor','Petterson','calle falsa 123','678123456','falso@asdf.qwerty');
	INSERT INTO Cliente (NIF,Nombre,Apellidos,Direccion,Telefono,Email) VALUES ('23447981X','Cian','Lejarette','calle falsa 123','678123456','falso@asdf.qwerty');
	INSERT INTO Cliente (NIF,Nombre,Apellidos,Direccion,Telefono,Email) VALUES ('12079623T','Alva','Stannard','calle falsa 123','678123456','falso@asdf.qwerty');
	INSERT INTO Cliente (NIF,Nombre,Apellidos,Direccion,Telefono,Email) VALUES ('69648885D','Babette','Clark','calle falsa 123','678123456','falso@asdf.qwerty');
	INSERT INTO Cliente (NIF,Nombre,Apellidos,Direccion,Telefono,Email) VALUES ('59726909A','Cathy',NULL,'calle falsa 123','678123456','falso@asdf.qwerty');
	INSERT INTO Cliente (NIF,Nombre,Apellidos,Direccion,Telefono,Email) VALUES ('52317225E','Kay','Rauch','calle falsa 123','678123456','falso@asdf.qwerty');
	INSERT INTO Cliente (NIF,Nombre,Apellidos,Direccion,Telefono,Email) VALUES ('53246157F','Klara','Emerson','calle falsa 123','678123456','falso@asdf.qwerty');

#Servicio (Rellenar los NULL)
	INSERT INTO Servicio (idServicio,Nombre,Descripcion,Precio) VALUES (1,'Servicio 1','Creacion de panfletos',100);
	INSERT INTO Servicio (idServicio,Nombre,Descripcion,Precio) VALUES (2,'Servicio 2','Creacion de ortadillas',100);
	INSERT INTO Servicio (idServicio,Nombre,Descripcion,Precio) VALUES (3,'Servicio 3','Creacion de flyer',100);
	INSERT INTO Servicio (idServicio,Nombre,Descripcion,Precio) VALUES (4,'Servicio 4','Creacion de anuncio de periodico',100);
	INSERT INTO Servicio (idServicio,Nombre,Descripcion,Precio) VALUES (5,'Servicio 5','Creacion de anuncio en carteles',100);
	INSERT INTO Servicio (idServicio,Nombre,Descripcion,Precio) VALUES (6,'Servicio 6','Creacion de anuncio en revistas',100);
	INSERT INTO Servicio (idServicio,Nombre,Descripcion,Precio) VALUES (7,'Servicio 7','Creacion de anuncio en radio',100);
	INSERT INTO Servicio (idServicio,Nombre,Descripcion,Precio) VALUES (8,'Servicio 8','Creacion de anuncio en television',100);
	INSERT INTO Servicio (idServicio,Nombre,Descripcion,Precio) VALUES (9,'Servicio 9','Creacion de anuncio en la web',100);
	INSERT INTO Servicio (idServicio,Nombre,Descripcion,Precio) VALUES (10,'Servicio 10',NULL,100);
	INSERT INTO Servicio (idServicio,Nombre,Descripcion,Precio) VALUES (11,'Servicio 11',NULL,100);
	INSERT INTO Servicio (idServicio,Nombre,Descripcion,Precio) VALUES (12,'Servicio 12',NULL,100);
	INSERT INTO Servicio (idServicio,Nombre,Descripcion,Precio) VALUES (13,'Servicio 13',NULL,100);
	INSERT INTO Servicio (idServicio,Nombre,Descripcion,Precio) VALUES (14,'Servicio 14',NULL,100);
	INSERT INTO Servicio (idServicio,Nombre,Descripcion,Precio) VALUES (15,'Servicio 15',NULL,100);
	INSERT INTO Servicio (idServicio,Nombre,Descripcion,Precio) VALUES (16,'Servicio 16',NULL,100);
	INSERT INTO Servicio (idServicio,Nombre,Descripcion,Precio) VALUES (17,'Servicio 17',NULL,100);
	INSERT INTO Servicio (idServicio,Nombre,Descripcion,Precio) VALUES (18,'Servicio 18',NULL,100);
	INSERT INTO Servicio (idServicio,Nombre,Descripcion,Precio) VALUES (19,'Servicio 19',NULL,100);

#Pedido (Añadir mas si se requiere)
	INSERT INTO Pedido (Identificador,Proveedor_NIF,Cliente_NIF) VALUES (1,'12138685K','53246157F');
	INSERT INTO Pedido (Identificador,Proveedor_NIF,Cliente_NIF) VALUES (2,'03751210W','53246157F');
	INSERT INTO Pedido (Identificador,Proveedor_NIF,Cliente_NIF) VALUES (3,'36208777S','21909395D');
	INSERT INTO Pedido (Identificador,Proveedor_NIF,Cliente_NIF) VALUES (4,'11565398D','77296325H');
	INSERT INTO Pedido (Identificador,Proveedor_NIF,Cliente_NIF) VALUES (5,'02476364T','18651716G');
	INSERT INTO Pedido (Identificador,Proveedor_NIF,Cliente_NIF) VALUES (6,'47423415Z','12079623T');
	INSERT INTO Pedido (Identificador,Proveedor_NIF,Cliente_NIF) VALUES (7,'41719341D','69648885D');
	INSERT INTO Pedido (Identificador,Proveedor_NIF,Cliente_NIF) VALUES (8,'54686122B','12610196D');
	INSERT INTO Pedido (Identificador,Proveedor_NIF,Cliente_NIF) VALUES (9,'12947533M','23447981X');
	INSERT INTO Pedido (Identificador,Proveedor_NIF,Cliente_NIF) VALUES (10,'12138685K','77079534W');

#Informe pedido
	INSERT INTO Informes_pedido (Pedido_Identificador,RutaFichero,Descripcion,Fecha,Tipo) VALUES (1,'C:\\Documentos\\Pedido\\Operacion 1.pdf','Informe del pedido 1','2013-04-27','PDF');
	INSERT INTO Informes_pedido (Pedido_Identificador,RutaFichero,Descripcion,Fecha,Tipo) VALUES (2,'C:\\Documentos\\Pedido\\Operacion 2.pdf','Informe del pedido 2','2013-04-27','PDF');
	INSERT INTO Informes_pedido (Pedido_Identificador,RutaFichero,Descripcion,Fecha,Tipo) VALUES (3,'C:\\Documentos\\Pedido\\Operacion 3.pdf','Informe del pedido 3','2013-04-27','PDF');
	INSERT INTO Informes_pedido (Pedido_Identificador,RutaFichero,Descripcion,Fecha,Tipo) VALUES (4,'C:\\Documentos\\Pedido\\Operacion 4.pdf','Informe del pedido 4','2013-04-27','PDF');
	INSERT INTO Informes_pedido (Pedido_Identificador,RutaFichero,Descripcion,Fecha,Tipo) VALUES (5,'C:\\Documentos\\Pedido\\Operacion 5.pdf','Informe del pedido 5','2013-04-27','PDF');
	INSERT INTO Informes_pedido (Pedido_Identificador,RutaFichero,Descripcion,Fecha,Tipo) VALUES (6,'C:\\Documentos\\Pedido\\Operacion 6.pdf','Informe del pedido 6','2013-04-27','PDF');
	INSERT INTO Informes_pedido (Pedido_Identificador,RutaFichero,Descripcion,Fecha,Tipo) VALUES (7,'C:\\Documentos\\Pedido\\Operacion 7.pdf','Informe del pedido 7','2013-04-27','PDF');
	INSERT INTO Informes_pedido (Pedido_Identificador,RutaFichero,Descripcion,Fecha,Tipo) VALUES (8,'C:\\Documentos\\Pedido\\Operacion 8.pdf','Informe del pedido 8','2013-04-27','PDF');
	INSERT INTO Informes_pedido (Pedido_Identificador,RutaFichero,Descripcion,Fecha,Tipo) VALUES (9,'C:\\Documentos\\Pedido\\Operacion 9.pdf','Informe del pedido 9','2013-04-27','PDF');
	INSERT INTO Informes_pedido (Pedido_Identificador,RutaFichero,Descripcion,Fecha,Tipo) VALUES (10,'C:\\Documentos\\Pedido\\Operacion 10.pdf','Informe del pedido 10','2014-08-30','PDF');

#LineaServicio (Añadir mas si se requiere)
	INSERT INTO LineaServicio (idLineaServicio,Servicio_idServicio,Pedido_Identificador) VALUES (1,1,1);
	INSERT INTO LineaServicio (idLineaServicio,Servicio_idServicio,Pedido_Identificador) VALUES (2,2,1);
	INSERT INTO LineaServicio (idLineaServicio,Servicio_idServicio,Pedido_Identificador) VALUES (3,5,2);
	INSERT INTO LineaServicio (idLineaServicio,Servicio_idServicio,Pedido_Identificador) VALUES (4,7,3);
	INSERT INTO LineaServicio (idLineaServicio,Servicio_idServicio,Pedido_Identificador) VALUES (5,8,3);
	INSERT INTO LineaServicio (idLineaServicio,Servicio_idServicio,Pedido_Identificador) VALUES (6,9,3);
	INSERT INTO LineaServicio (idLineaServicio,Servicio_idServicio,Pedido_Identificador) VALUES (7,3,4);
	INSERT INTO LineaServicio (idLineaServicio,Servicio_idServicio,Pedido_Identificador) VALUES (8,4,4);
	INSERT INTO LineaServicio (idLineaServicio,Servicio_idServicio,Pedido_Identificador) VALUES (9,1,5);
	INSERT INTO LineaServicio (idLineaServicio,Servicio_idServicio,Pedido_Identificador) VALUES (10,2,5);
	INSERT INTO LineaServicio (idLineaServicio,Servicio_idServicio,Pedido_Identificador) VALUES (11,3,5);
	INSERT INTO LineaServicio (idLineaServicio,Servicio_idServicio,Pedido_Identificador) VALUES (12,4,5);
	INSERT INTO LineaServicio (idLineaServicio,Servicio_idServicio,Pedido_Identificador) VALUES (13,5,5);
	INSERT INTO LineaServicio (idLineaServicio,Servicio_idServicio,Pedido_Identificador) VALUES (14,6,5);
	INSERT INTO LineaServicio (idLineaServicio,Servicio_idServicio,Pedido_Identificador) VALUES (15,7,5);
	INSERT INTO LineaServicio (idLineaServicio,Servicio_idServicio,Pedido_Identificador) VALUES (16,8,5);
	INSERT INTO LineaServicio (idLineaServicio,Servicio_idServicio,Pedido_Identificador) VALUES (17,9,5);
	INSERT INTO LineaServicio (idLineaServicio,Servicio_idServicio,Pedido_Identificador) VALUES (18,3,6);
	INSERT INTO LineaServicio (idLineaServicio,Servicio_idServicio,Pedido_Identificador) VALUES (19,7,7);
	INSERT INTO LineaServicio (idLineaServicio,Servicio_idServicio,Pedido_Identificador) VALUES (20,4,8);
	INSERT INTO LineaServicio (idLineaServicio,Servicio_idServicio,Pedido_Identificador) VALUES (21,2,9);

#Albaran
	INSERT INTO Albaran (idAlbaran,Pedido_Identificador) VALUES (1,1);
	INSERT INTO Albaran (idAlbaran,Pedido_Identificador) VALUES (2,2);
	INSERT INTO Albaran (idAlbaran,Pedido_Identificador) VALUES (3,3);
	INSERT INTO Albaran (idAlbaran,Pedido_Identificador) VALUES (4,4);
	INSERT INTO Albaran (idAlbaran,Pedido_Identificador) VALUES (5,5);
	INSERT INTO Albaran (idAlbaran,Pedido_Identificador) VALUES (6,6);
	INSERT INTO Albaran (idAlbaran,Pedido_Identificador) VALUES (7,7);
	INSERT INTO Albaran (idAlbaran,Pedido_Identificador) VALUES (8,8);
	INSERT INTO Albaran (idAlbaran,Pedido_Identificador) VALUES (9,9);
	INSERT INTO Albaran (idAlbaran,Pedido_Identificador) VALUES (10,10);

#Informe albaran
	INSERT INTO Informes_albaran (Albaran_idAlbaran,RutaFichero,Descripcion,Fecha,Tipo) VALUES (1,'C:\\Documentos\\Albaran\\Operacion 1.pdf','Albaran del pedido 1','2013-04-27','PDF');
	INSERT INTO Informes_albaran (Albaran_idAlbaran,RutaFichero,Descripcion,Fecha,Tipo) VALUES (2,'C:\\Documentos\\Albaran\\Operacion 2.pdf','Albaran del pedido 2','2013-04-27','PDF');
	INSERT INTO Informes_albaran (Albaran_idAlbaran,RutaFichero,Descripcion,Fecha,Tipo) VALUES (3,'C:\\Documentos\\Albaran\\Operacion 3.pdf','Albaran del pedido 3','2013-04-27','PDF');
	INSERT INTO Informes_albaran (Albaran_idAlbaran,RutaFichero,Descripcion,Fecha,Tipo) VALUES (4,'C:\\Documentos\\Albaran\\Operacion 4.pdf','Albaran del pedido 4','2013-04-27','PDF');
	INSERT INTO Informes_albaran (Albaran_idAlbaran,RutaFichero,Descripcion,Fecha,Tipo) VALUES (5,'C:\\Documentos\\Albaran\\Operacion 5.pdf','Albaran del pedido 5','2013-04-27','PDF');
	INSERT INTO Informes_albaran (Albaran_idAlbaran,RutaFichero,Descripcion,Fecha,Tipo) VALUES (6,'C:\\Documentos\\Albaran\\Operacion 6.pdf','Albaran del pedido 6','2013-04-27','PDF');
	INSERT INTO Informes_albaran (Albaran_idAlbaran,RutaFichero,Descripcion,Fecha,Tipo) VALUES (7,'C:\\Documentos\\Albaran\\Operacion 7.pdf','Albaran del pedido 7','2013-04-27','PDF');
	INSERT INTO Informes_albaran (Albaran_idAlbaran,RutaFichero,Descripcion,Fecha,Tipo) VALUES (8,'C:\\Documentos\\Albaran\\Operacion 8.pdf','Albaran del pedido 8','2013-04-27','PDF');
	INSERT INTO Informes_albaran (Albaran_idAlbaran,RutaFichero,Descripcion,Fecha,Tipo) VALUES (9,'C:\\Documentos\\Albaran\\Operacion 9.pdf','Albaran del pedido 9','2013-04-27','PDF');
	INSERT INTO Informes_albaran (Albaran_idAlbaran,RutaFichero,Descripcion,Fecha,Tipo) VALUES (10,'C:\\Documentos\Albaran\\Operacion 10.pdf','Albaran del pedido 10','2014-08-30','PDF');

#Factura
	INSERT INTO Factura (idFactura,Pedido_Identificador) VALUES (1,1);
	INSERT INTO Factura (idFactura,Pedido_Identificador) VALUES (2,2);
	INSERT INTO Factura (idFactura,Pedido_Identificador) VALUES (3,3);
	INSERT INTO Factura (idFactura,Pedido_Identificador) VALUES (4,4);
	INSERT INTO Factura (idFactura,Pedido_Identificador) VALUES (5,5);
	INSERT INTO Factura (idFactura,Pedido_Identificador) VALUES (6,6);
	INSERT INTO Factura (idFactura,Pedido_Identificador) VALUES (7,7);
	INSERT INTO Factura (idFactura,Pedido_Identificador) VALUES (8,8);
	INSERT INTO Factura (idFactura,Pedido_Identificador) VALUES (9,9);
	INSERT INTO Factura (idFactura,Pedido_Identificador) VALUES (10,10);

#Informe factura
	INSERT INTO Informes_factura (Factura_idFactura,RutaFichero,Descripcion,Fecha,Tipo) VALUES (1,'C:\\Documentos\\Factura\\Operacion 1.pdf','Factura del pedido 1','2013-04-27','PDF');
	INSERT INTO Informes_factura (Factura_idFactura,RutaFichero,Descripcion,Fecha,Tipo) VALUES (2,'C:\\Documentos\\Factura\\Operacion 2.pdf','Factura del pedido 2','2013-04-27','PDF');
	INSERT INTO Informes_factura (Factura_idFactura,RutaFichero,Descripcion,Fecha,Tipo) VALUES (3,'C:\\Documentos\\Factura\\Operacion 3.pdf','Factura del pedido 3','2013-04-27','PDF');
	INSERT INTO Informes_factura (Factura_idFactura,RutaFichero,Descripcion,Fecha,Tipo) VALUES (4,'C:\\Documentos\\Factura\\Operacion 4.pdf','Factura del pedido 4','2013-04-27','PDF');
	INSERT INTO Informes_factura (Factura_idFactura,RutaFichero,Descripcion,Fecha,Tipo) VALUES (5,'C:\\Documentos\\Factura\\Operacion 5.pdf','Factura del pedido 5','2013-04-27','PDF');
	INSERT INTO Informes_factura (Factura_idFactura,RutaFichero,Descripcion,Fecha,Tipo) VALUES (6,'C:\\Documentos\\Factura\\Operacion 6.pdf','Factura del pedido 6','2013-04-27','PDF');
	INSERT INTO Informes_factura (Factura_idFactura,RutaFichero,Descripcion,Fecha,Tipo) VALUES (7,'C:\\Documentos\\Factura\\Operacion 7.pdf','Factura del pedido 7','2013-04-27','PDF');
	INSERT INTO Informes_factura (Factura_idFactura,RutaFichero,Descripcion,Fecha,Tipo) VALUES (8,'C:\\Documentos\\Factura\\Operacion 8.pdf','Factura del pedido 8','2013-04-27','PDF');
	INSERT INTO Informes_factura (Factura_idFactura,RutaFichero,Descripcion,Fecha,Tipo) VALUES (9,'C:\\Documentos\\Factura\\Operacion 9.pdf','Factura del pedido 9','2013-04-27','PDF');
	INSERT INTO Informes_factura (Factura_idFactura,RutaFichero,Descripcion,Fecha,Tipo) VALUES (10,'C:\\Documentos\Factura\\Operacion 10.pdf','Factura del pedido 10','2014-08-30','PDF');

#Presupuesto
	INSERT INTO Presupuesto (idPresupuesto,Pedido_Identificador) VALUES (1,1);
	INSERT INTO Presupuesto (idPresupuesto,Pedido_Identificador) VALUES (2,2);
	INSERT INTO Presupuesto (idPresupuesto,Pedido_Identificador) VALUES (3,3);
	INSERT INTO Presupuesto (idPresupuesto,Pedido_Identificador) VALUES (4,4);
	INSERT INTO Presupuesto (idPresupuesto,Pedido_Identificador) VALUES (5,5);
	INSERT INTO Presupuesto (idPresupuesto,Pedido_Identificador) VALUES (6,6);
	INSERT INTO Presupuesto (idPresupuesto,Pedido_Identificador) VALUES (7,7);
	INSERT INTO Presupuesto (idPresupuesto,Pedido_Identificador) VALUES (8,8);
	INSERT INTO Presupuesto (idPresupuesto,Pedido_Identificador) VALUES (9,9);
	INSERT INTO Presupuesto (idPresupuesto,Pedido_Identificador) VALUES (10,10);

#Informe factura
	INSERT INTO Informes_presupuesto (Presupuesto_idPresupuesto,RutaFichero,Descripcion,Fecha,Tipo) VALUES (1,'C:\\Documentos\\Presupuestos\\Operacion 1.pdf','Presupuesto del pedido 1','2013-04-27','PDF');
	INSERT INTO Informes_presupuesto (Presupuesto_idPresupuesto,RutaFichero,Descripcion,Fecha,Tipo) VALUES (2,'C:\\Documentos\\Presupuestos\\Operacion 2.pdf','Presupuesto del pedido 2','2013-04-27','PDF');
	INSERT INTO Informes_presupuesto (Presupuesto_idPresupuesto,RutaFichero,Descripcion,Fecha,Tipo) VALUES (3,'C:\\Documentos\\Presupuestos\\Operacion 3.pdf','Presupuesto del pedido 3','2013-04-27','PDF');
	INSERT INTO Informes_presupuesto (Presupuesto_idPresupuesto,RutaFichero,Descripcion,Fecha,Tipo) VALUES (4,'C:\\Documentos\\Presupuestos\\Operacion 4.pdf','Presupuesto del pedido 4','2013-04-27','PDF');
	INSERT INTO Informes_presupuesto (Presupuesto_idPresupuesto,RutaFichero,Descripcion,Fecha,Tipo) VALUES (5,'C:\\Documentos\\Presupuestos\\Operacion 5.pdf','Presupuesto del pedido 5','2013-04-27','PDF');
	INSERT INTO Informes_presupuesto (Presupuesto_idPresupuesto,RutaFichero,Descripcion,Fecha,Tipo) VALUES (6,'C:\\Documentos\\Presupuestos\\Operacion 6.pdf','Presupuesto del pedido 6','2013-04-27','PDF');
	INSERT INTO Informes_presupuesto (Presupuesto_idPresupuesto,RutaFichero,Descripcion,Fecha,Tipo) VALUES (7,'C:\\Documentos\\Presupuestos\\Operacion 7.pdf','Presupuesto del pedido 7','2013-04-27','PDF');
	INSERT INTO Informes_presupuesto (Presupuesto_idPresupuesto,RutaFichero,Descripcion,Fecha,Tipo) VALUES (8,'C:\\Documentos\\Presupuestos\\Operacion 8.pdf','Presupuesto del pedido 8','2013-04-27','PDF');
	INSERT INTO Informes_presupuesto (Presupuesto_idPresupuesto,RutaFichero,Descripcion,Fecha,Tipo) VALUES (9,'C:\\Documentos\\Presupuestos\\Operacion 9.pdf','Presupuesto del pedido 9','2013-04-27','PDF');
	INSERT INTO Informes_presupuesto (Presupuesto_idPresupuesto,RutaFichero,Descripcion,Fecha,Tipo) VALUES (10,'C:\\Documentos\Presupuestos\\Operacion 10.pdf','Presupuesto del pedido 10','2014-08-30','PDF');

update Usuario set Pass=sha1(Pass) where !(Nombre like("root"));

#select * from Servicio s,LineaServicio l where s.idServicio=l.Servicio_idServicio and l.Pedido_Identificador="Num pedido"